clip_id,pitcher_name,pitcher_id,catcher_name,catcher_id,play_id,game_pk,at_bat_number,pitch_number,p_throws,fps,n_frames,analysis_frames,scene_cut_at,n_segments,segment_index,chosen_segment,set_frame,first_move_frame,release_frame,delivery_s,first_move_cue,leg_lift_frame,hand_break_frame,release_method,release_kpt_conf,good_track,in_band,release_pre_cut,usable,confidence,qa_video,pitcher_track_id,status
young_023853e1_peralta_L.mp4,Wandy Peralta,593974,Elias Díaz,553869,023853e1-125b-3cbc-bdf7-0ff25b5a29d9,777382,49,3,L,59.721,582,126,126,5,0,[0:126],92,102.54,109.36,0.1142,leg_lift,102.54,112.0,extension_collapse,0.798,True,False,True,False,0.75,young_023853e1_peralta_L_annotated.mp4,2,ok
young_0af6700f_anderson_R.mp4,Grant Anderson,681982,William Contreras,661388,0af6700f-dc2c-3750-a5f2-b5e1fe4d635c,777135,69,4,R,59.763,788,269,269,3,0,[0:269],123,126.23,179.5,0.8914,leg_lift,126.23,152.0,extension_collapse,0.884,True,True,True,True,1.0,young_0af6700f_anderson_R_annotated.mp4,138,ok
young_17af7e6a_latz_L.mp4,Jacob Latz,656641,Jonah Heim,641680,17af7e6a-8d89-3486-8923-ad36fa7d5090,777596,22,7,L,59.87,2008,161,161,6,0,[0:161],68,108.04,142.5,0.5755,leg_lift,108.04,123.0,extension_collapse,0.989,True,False,True,False,0.75,young_17af7e6a_latz_L_annotated.mp4,195,ok
young_2d13f0a1_jansen_R.mp4,Kenley Jansen,445276,Logan O'Hoppe,681351,2d13f0a1-e619-3a90-9b84-4e0a7d6fa6c8,777305,71,1,R,59.742,700,190,170,3,1,[170:360],184,182.37,236.34,0.9035,leg_lift,182.37,,extension_collapse,0.957,True,True,True,True,1.0,young_2d13f0a1_jansen_R_annotated.mp4,818,ok
young_404b9563_wheeler_R.mp4,Zack Wheeler,554430,J.T. Realmuto,592663,404b9563-0fd8-32b1-ade7-6de0c9f7b297,778555,38,4,R,59.707,556,497,497,2,0,[0:497],67,119.6,184.44,1.0858,leg_lift,119.6,146.0,extension_collapse,0.655,True,True,True,True,1.0,young_404b9563_wheeler_R_annotated.mp4,818,ok
young_49a1debb_dollander_R.mp4,Chase Dollander,801403,Hunter Goodman,696100,49a1debb-307d-38f8-a168-82faf7c4454a,777445,19,3,R,59.748,712,322,156,3,1,[156:478],163,165.08,177.5,0.2079,leg_lift,165.08,,extension_collapse,0.937,True,False,True,False,0.75,young_49a1debb_dollander_R_annotated.mp4,1067,ok
young_49c3056a_povich_L.mp4,Cade Povich,700249,Adley Rutschman,668939,49c3056a-fcc4-3040-a5d5-1066677fc1ee,777907,42,4,L,59.689,594,594,-1,1,0,[0:594],5,169.51,180.6,0.1858,leg_lift,169.51,173.0,extension_collapse,0.554,True,False,True,False,0.75,young_49c3056a_povich_L_annotated.mp4,1216,ok
young_4c66ffc1_banda_L.mp4,Anthony Banda,607455,Dalton Rushing,687221,4c66ffc1-6eeb-3d21-85d6-ca0b11119b89,777398,52,2,L,59.705,626,388,156,3,1,[156:544],161,278.53,314.61,0.6043,leg_lift,278.53,,extension_collapse,0.433,True,False,True,False,0.75,young_4c66ffc1_banda_L_annotated.mp4,1332,ok
young_69c28c70_halvorsen_R.mp4,Seth Halvorsen,678020,Braxton Fulford,690924,69c28c70-f08e-3697-9999-441380116cbd,778235,64,2,R,59.867,1970,215,503,6,2,[551:766],556,589.75,686.34,1.6135,leg_lift,589.75,,extension_collapse,0.981,True,True,True,True,1.0,young_69c28c70_halvorsen_R_annotated.mp4,1555,ok
young_777f50ea_morejon_L.mp4,Adrian Morejon,670970,Martín Maldonado,455117,777f50ea-dbfd-3e5d-8cc9-c2b67364362b,777372,30,2,L,59.719,614,614,-1,1,0,[0:614],5,295.14,361.0,1.1028,leg_lift,295.14,309.0,extension_collapse,0.389,True,True,True,True,1.0,young_777f50ea_morejon_L_annotated.mp4,1686,ok
young_7f066664_whisenhunt_L.mp4,Carson Whisenhunt,687931,Andrew Knizner,668800,7f066664-e8f5-3be3-88ad-a1901ff61b43,776802,31,2,L,59.721,728,298,298,3,0,[0:298],59,104.38,192.5,1.4756,leg_lift,104.38,143.0,extension_collapse,0.91,True,True,True,True,1.0,young_7f066664_whisenhunt_L_annotated.mp4,1699,ok
young_8d52526e_mazur_R.mp4,Adam Mazur,800049,Liam Hicks,689414,8d52526e-4761-385e-a49f-87d7fc8294a8,776482,36,2,R,59.562,364,364,-1,1,0,[0:364],5,169.63,254.5,1.4249,leg_lift,169.63,211.0,flat_reach_height,0.527,False,True,True,False,0.8,young_8d52526e_mazur_R_annotated.mp4,1807,ok
young_8e3be5df_lodolo_L.mp4,Nick Lodolo,666157,Tyler Stephenson,663886,8e3be5df-7eee-374d-abd8-4efc58aa9a5a,778077,52,1,L,59.8,1046,350,350,4,0,[0:350],128,142.86,216.27,1.2275,leg_lift,142.86,,extension_collapse,0.936,True,True,True,True,1.0,young_8e3be5df_lodolo_L_annotated.mp4,1845,ok
young_908c8b84_verlander_R.mp4,Justin Verlander,434378,Patrick Bailey,672275,908c8b84-c31c-30bb-a842-42b80d9c2e11,776793,32,1,R,59.789,900,188,188,3,0,[0:188],44,50.34,138.03,1.4666,leg_lift,50.34,103.0,extension_collapse,0.86,True,True,True,True,1.0,young_908c8b84_verlander_R_annotated.mp4,1889,ok
young_a06136e7_marquez_R.mp4,Germán Márquez,608566,Braxton Fulford,690924,a06136e7-8578-37b8-ad47-7f14d429e7f7,777461,24,2,R,59.718,688,514,514,2,0,[0:514],5,305.38,403.0,1.6346,leg_lift,305.38,313.0,extension_collapse,0.002,True,True,True,False,0.6,young_a06136e7_marquez_R_annotated.mp4,2465,ok
young_a2d9c3f3_ortiz_R.mp4,Luis Ortiz,682847,Bo Naylor,666310,a2d9c3f3-878f-381b-a3ed-99af21e8cce8,778026,41,2,R,59.776,628,170,156,3,2,[458:628],507,514.1,612.5,1.6462,motion_onset,,,extension_collapse,0.973,True,True,True,True,1.0,young_a2d9c3f3_ortiz_R_annotated.mp4,2921,ok
young_af36d6d8_gage_L.mp4,Matt Gage,657424,Andrew Knizner,668800,af36d6d8-be95-3239-aef0-7be2ef21201e,776802,63,3,L,59.854,1700,628,310,5,4,[1072:1700],1278,1284.56,1297.46,0.2156,leg_lift,1284.56,,extension_collapse,0.975,True,False,True,False,0.75,young_af36d6d8_gage_L_annotated.mp4,3462,ok
young_b3a84692_romano_R.mp4,Jordan Romano,605447,J.T. Realmuto,592663,b3a84692-c1df-30da-9051-a66b2dc14b22,776725,54,1,R,59.705,636,277,277,3,0,[0:277],79,111.83,174.5,1.0496,leg_lift,111.83,117.0,extension_collapse,0.829,True,True,True,True,1.0,young_b3a84692_romano_R_annotated.mp4,3521,ok
young_d59afac9_holmes_R.mp4,Clay Holmes,605280,Luis Torrens,620443,d59afac9-0d76-32d6-840e-2b70469d0db3,776237,36,2,R,59.683,482,256,256,3,0,[0:256],59,91.68,183.16,1.5327,leg_lift,91.68,88.0,extension_collapse,0.824,True,True,True,True,1.0,young_d59afac9_holmes_R_annotated.mp4,3522,ok
